,economy
79,AFE
80,AFE
81,AFE
82,AFE
83,AFE
84,AFE
85,AFE
86,AFE
87,AFE
88,AFE
89,AFE
90,AFE
91,AFE
92,AFE
93,AFE
94,AFE
95,AFE
96,AFE
97,AFE
131,AFG
132,AFG
133,AFG
134,AFG
135,AFG
136,AFG
137,AFG
138,AFG
139,AFG
140,AFG
141,AFG
142,AFG
143,AFG
144,AFG
145,AFG
146,AFG
147,AFG
179,AFW
180,AFW
181,AFW
182,AFW
183,AFW
184,AFW
185,AFW
186,AFW
187,AFW
188,AFW
189,AFW
190,AFW
191,AFW
192,AFW
193,AFW
194,AFW
195,AFW
196,AFW
197,AFW
229,AGO
230,AGO
231,AGO
232,AGO
233,AGO
234,AGO
235,AGO
236,AGO
237,AGO
238,AGO
239,AGO
240,AGO
241,AGO
242,AGO
243,AGO
244,AGO
245,AGO
246,AGO
247,AGO
279,ALB
280,ALB
281,ALB
282,ALB
283,ALB
284,ALB
285,ALB
286,ALB
287,ALB
288,ALB
289,ALB
290,ALB
291,ALB
292,ALB
293,ALB
294,ALB
295,ALB
296,ALB
297,ALB
329,AND
330,AND
331,AND
332,AND
333,AND
334,AND
335,AND
336,AND
337,AND
338,AND
339,AND
340,AND
341,AND
342,AND
343,AND
344,AND
345,AND
346,AND
347,AND
379,ARB
380,ARB
381,ARB
382,ARB
383,ARB
384,ARB
385,ARB
386,ARB
387,ARB
388,ARB
389,ARB
390,ARB
391,ARB
392,ARB
393,ARB
394,ARB
395,ARB
396,ARB
397,ARB
429,ARE
430,ARE
431,ARE
432,ARE
433,ARE
434,ARE
435,ARE
436,ARE
437,ARE
438,ARE
439,ARE
440,ARE
441,ARE
442,ARE
443,ARE
444,ARE
445,ARE
446,ARE
447,ARE
479,ARG
480,ARG
481,ARG
482,ARG
483,ARG
484,ARG
485,ARG
486,ARG
487,ARG
488,ARG
489,ARG
490,ARG
491,ARG
492,ARG
493,ARG
494,ARG
495,ARG
496,ARG
497,ARG
529,ARM
530,ARM
531,ARM
532,ARM
533,ARM
534,ARM
535,ARM
536,ARM
537,ARM
538,ARM
539,ARM
540,ARM
541,ARM
542,ARM
543,ARM
544,ARM
545,ARM
546,ARM
547,ARM
629,ATG
630,ATG
631,ATG
632,ATG
633,ATG
634,ATG
635,ATG
636,ATG
637,ATG
638,ATG
639,ATG
640,ATG
641,ATG
642,ATG
643,ATG
644,ATG
645,ATG
646,ATG
647,ATG
679,AUS
680,AUS
681,AUS
682,AUS
683,AUS
684,AUS
685,AUS
686,AUS
687,AUS
688,AUS
689,AUS
690,AUS
691,AUS
692,AUS
693,AUS
694,AUS
695,AUS
696,AUS
697,AUS
729,AUT
730,AUT
731,AUT
732,AUT
733,AUT
734,AUT
735,AUT
736,AUT
737,AUT
738,AUT
739,AUT
740,AUT
741,AUT
742,AUT
743,AUT
744,AUT
745,AUT
746,AUT
747,AUT
779,AZE
780,AZE
781,AZE
782,AZE
783,AZE
784,AZE
785,AZE
786,AZE
787,AZE
788,AZE
789,AZE
790,AZE
791,AZE
792,AZE
793,AZE
794,AZE
795,AZE
796,AZE
797,AZE
829,BDI
830,BDI
831,BDI
832,BDI
833,BDI
834,BDI
835,BDI
836,BDI
837,BDI
838,BDI
839,BDI
840,BDI
841,BDI
842,BDI
843,BDI
844,BDI
845,BDI
846,BDI
847,BDI
879,BEL
880,BEL
881,BEL
882,BEL
883,BEL
884,BEL
885,BEL
886,BEL
887,BEL
888,BEL
889,BEL
890,BEL
891,BEL
892,BEL
893,BEL
894,BEL
895,BEL
896,BEL
897,BEL
929,BEN
930,BEN
931,BEN
932,BEN
933,BEN
934,BEN
935,BEN
936,BEN
937,BEN
938,BEN
939,BEN
940,BEN
941,BEN
942,BEN
943,BEN
944,BEN
945,BEN
946,BEN
947,BEN
979,BFA
980,BFA
981,BFA
982,BFA
983,BFA
984,BFA
985,BFA
986,BFA
987,BFA
988,BFA
989,BFA
990,BFA
991,BFA
992,BFA
993,BFA
994,BFA
995,BFA
996,BFA
997,BFA
1029,BGD
1030,BGD
1031,BGD
1032,BGD
1033,BGD
1034,BGD
1035,BGD
1036,BGD
1037,BGD
1038,BGD
1039,BGD
1040,BGD
1041,BGD
1042,BGD
1043,BGD
1044,BGD
1045,BGD
1046,BGD
1047,BGD
1079,BGR
1080,BGR
1081,BGR
1082,BGR
1083,BGR
1084,BGR
1085,BGR
1086,BGR
1087,BGR
1088,BGR
1089,BGR
1090,BGR
1091,BGR
1092,BGR
1093,BGR
1094,BGR
1095,BGR
1096,BGR
1097,BGR
1129,BHR
1130,BHR
1131,BHR
1132,BHR
1133,BHR
1134,BHR
1135,BHR
1136,BHR
1137,BHR
1138,BHR
1139,BHR
1140,BHR
1141,BHR
1142,BHR
1143,BHR
1144,BHR
1145,BHR
1146,BHR
1147,BHR
1179,BHS
1180,BHS
1181,BHS
1182,BHS
1183,BHS
1184,BHS
1185,BHS
1186,BHS
1187,BHS
1188,BHS
1189,BHS
1190,BHS
1191,BHS
1192,BHS
1193,BHS
1194,BHS
1195,BHS
1196,BHS
1197,BHS
1229,BIH
1230,BIH
1231,BIH
1232,BIH
1233,BIH
1234,BIH
1235,BIH
1236,BIH
1237,BIH
1238,BIH
1239,BIH
1240,BIH
1241,BIH
1242,BIH
1243,BIH
1244,BIH
1245,BIH
1246,BIH
1247,BIH
1279,BLR
1280,BLR
1281,BLR
1282,BLR
1283,BLR
1284,BLR
1285,BLR
1286,BLR
1287,BLR
1288,BLR
1289,BLR
1290,BLR
1291,BLR
1292,BLR
1293,BLR
1294,BLR
1295,BLR
1296,BLR
1297,BLR
1329,BLZ
1330,BLZ
1331,BLZ
1332,BLZ
1333,BLZ
1334,BLZ
1335,BLZ
1336,BLZ
1337,BLZ
1338,BLZ
1339,BLZ
1340,BLZ
1341,BLZ
1342,BLZ
1343,BLZ
1344,BLZ
1345,BLZ
1346,BLZ
1347,BLZ
1429,BOL
1430,BOL
1431,BOL
1432,BOL
1433,BOL
1434,BOL
1435,BOL
1436,BOL
1437,BOL
1438,BOL
1439,BOL
1440,BOL
1441,BOL
1442,BOL
1443,BOL
1444,BOL
1445,BOL
1446,BOL
1447,BOL
1479,BRA
1480,BRA
1481,BRA
1482,BRA
1483,BRA
1484,BRA
1485,BRA
1486,BRA
1487,BRA
1488,BRA
1489,BRA
1490,BRA
1491,BRA
1492,BRA
1493,BRA
1494,BRA
1495,BRA
1496,BRA
1497,BRA
1529,BRB
1530,BRB
1531,BRB
1532,BRB
1533,BRB
1534,BRB
1535,BRB
1536,BRB
1537,BRB
1538,BRB
1539,BRB
1540,BRB
1541,BRB
1542,BRB
1543,BRB
1544,BRB
1545,BRB
1546,BRB
1547,BRB
1579,BRN
1580,BRN
1581,BRN
1582,BRN
1583,BRN
1584,BRN
1585,BRN
1586,BRN
1587,BRN
1588,BRN
1589,BRN
1590,BRN
1591,BRN
1592,BRN
1593,BRN
1594,BRN
1595,BRN
1596,BRN
1597,BRN
1629,BTN
1630,BTN
1631,BTN
1632,BTN
1633,BTN
1634,BTN
1635,BTN
1636,BTN
1637,BTN
1638,BTN
1639,BTN
1640,BTN
1641,BTN
1642,BTN
1643,BTN
1644,BTN
1645,BTN
1646,BTN
1647,BTN
1679,BWA
1680,BWA
1681,BWA
1682,BWA
1683,BWA
1684,BWA
1685,BWA
1686,BWA
1687,BWA
1688,BWA
1689,BWA
1690,BWA
1691,BWA
1692,BWA
1693,BWA
1694,BWA
1695,BWA
1696,BWA
1697,BWA
1729,CAF
1730,CAF
1731,CAF
1732,CAF
1733,CAF
1734,CAF
1735,CAF
1736,CAF
1737,CAF
1738,CAF
1739,CAF
1740,CAF
1741,CAF
1742,CAF
1743,CAF
1744,CAF
1745,CAF
1746,CAF
1747,CAF
1779,CAN
1780,CAN
1781,CAN
1782,CAN
1783,CAN
1784,CAN
1785,CAN
1786,CAN
1787,CAN
1788,CAN
1789,CAN
1790,CAN
1791,CAN
1792,CAN
1793,CAN
1794,CAN
1795,CAN
1796,CAN
1797,CAN
1829,CEB
1830,CEB
1831,CEB
1832,CEB
1833,CEB
1834,CEB
1835,CEB
1836,CEB
1837,CEB
1838,CEB
1839,CEB
1840,CEB
1841,CEB
1842,CEB
1843,CEB
1844,CEB
1845,CEB
1846,CEB
1847,CEB
1879,CHE
1880,CHE
1881,CHE
1882,CHE
1883,CHE
1884,CHE
1885,CHE
1886,CHE
1887,CHE
1888,CHE
1889,CHE
1890,CHE
1891,CHE
1892,CHE
1893,CHE
1894,CHE
1895,CHE
1896,CHE
1897,CHE
1939,CHL
1940,CHL
1941,CHL
1942,CHL
1943,CHL
1944,CHL
1945,CHL
1946,CHL
1947,CHL
1948,CHL
1949,CHL
1950,CHL
1951,CHL
1952,CHL
1953,CHL
1954,CHL
1955,CHL
1956,CHL
1957,CHL
1989,CHN
1990,CHN
1991,CHN
1992,CHN
1993,CHN
1994,CHN
1995,CHN
1996,CHN
1997,CHN
1998,CHN
1999,CHN
2000,CHN
2001,CHN
2002,CHN
2003,CHN
2004,CHN
2005,CHN
2006,CHN
2007,CHN
2039,CIV
2040,CIV
2041,CIV
2042,CIV
2043,CIV
2044,CIV
2045,CIV
2046,CIV
2047,CIV
2048,CIV
2049,CIV
2050,CIV
2051,CIV
2052,CIV
2053,CIV
2054,CIV
2055,CIV
2056,CIV
2057,CIV
2089,CMR
2090,CMR
2091,CMR
2092,CMR
2093,CMR
2094,CMR
2095,CMR
2096,CMR
2097,CMR
2098,CMR
2099,CMR
2100,CMR
2101,CMR
2102,CMR
2103,CMR
2104,CMR
2105,CMR
2106,CMR
2107,CMR
2139,COD
2140,COD
2141,COD
2142,COD
2143,COD
2144,COD
2145,COD
2146,COD
2147,COD
2148,COD
2149,COD
2150,COD
2151,COD
2152,COD
2153,COD
2154,COD
2155,COD
2156,COD
2157,COD
2189,COG
2190,COG
2191,COG
2192,COG
2193,COG
2194,COG
2195,COG
2196,COG
2197,COG
2198,COG
2199,COG
2200,COG
2201,COG
2202,COG
2203,COG
2204,COG
2205,COG
2206,COG
2207,COG
2239,COL
2240,COL
2241,COL
2242,COL
2243,COL
2244,COL
2245,COL
2246,COL
2247,COL
2248,COL
2249,COL
2250,COL
2251,COL
2252,COL
2253,COL
2254,COL
2255,COL
2256,COL
2257,COL
2289,COM
2290,COM
2291,COM
2292,COM
2293,COM
2294,COM
2295,COM
2296,COM
2297,COM
2298,COM
2299,COM
2300,COM
2301,COM
2302,COM
2303,COM
2304,COM
2305,COM
2306,COM
2307,COM
2339,CPV
2340,CPV
2341,CPV
2342,CPV
2343,CPV
2344,CPV
2345,CPV
2346,CPV
2347,CPV
2348,CPV
2349,CPV
2350,CPV
2351,CPV
2352,CPV
2353,CPV
2354,CPV
2355,CPV
2356,CPV
2357,CPV
2389,CRI
2390,CRI
2391,CRI
2392,CRI
2393,CRI
2394,CRI
2395,CRI
2396,CRI
2397,CRI
2398,CRI
2399,CRI
2400,CRI
2401,CRI
2402,CRI
2403,CRI
2404,CRI
2405,CRI
2406,CRI
2407,CRI
2439,CSS
2440,CSS
2441,CSS
2442,CSS
2443,CSS
2444,CSS
2445,CSS
2446,CSS
2447,CSS
2448,CSS
2449,CSS
2450,CSS
2451,CSS
2452,CSS
2453,CSS
2454,CSS
2455,CSS
2456,CSS
2457,CSS
2489,CUB
2490,CUB
2491,CUB
2492,CUB
2493,CUB
2494,CUB
2495,CUB
2496,CUB
2497,CUB
2498,CUB
2499,CUB
2500,CUB
2501,CUB
2502,CUB
2503,CUB
2504,CUB
2505,CUB
2506,CUB
2507,CUB
2622,CYP
2623,CYP
2624,CYP
2625,CYP
2626,CYP
2627,CYP
2628,CYP
2629,CYP
2630,CYP
2631,CYP
2632,CYP
2633,CYP
2634,CYP
2635,CYP
2636,CYP
2637,CYP
2638,CYP
2639,CYP
2640,CYP
2672,CZE
2673,CZE
2674,CZE
2675,CZE
2676,CZE
2677,CZE
2678,CZE
2679,CZE
2680,CZE
2681,CZE
2682,CZE
2683,CZE
2684,CZE
2685,CZE
2686,CZE
2687,CZE
2688,CZE
2689,CZE
2690,CZE
2722,DEU
2723,DEU
2724,DEU
2725,DEU
2726,DEU
2727,DEU
2728,DEU
2729,DEU
2730,DEU
2731,DEU
2732,DEU
2733,DEU
2734,DEU
2735,DEU
2736,DEU
2737,DEU
2738,DEU
2739,DEU
2740,DEU
2772,DJI
2773,DJI
2774,DJI
2775,DJI
2776,DJI
2777,DJI
2778,DJI
2779,DJI
2780,DJI
2781,DJI
2782,DJI
2783,DJI
2784,DJI
2785,DJI
2786,DJI
2787,DJI
2788,DJI
2789,DJI
2790,DJI
2822,DMA
2823,DMA
2824,DMA
2825,DMA
2826,DMA
2827,DMA
2828,DMA
2829,DMA
2830,DMA
2831,DMA
2832,DMA
2833,DMA
2834,DMA
2835,DMA
2836,DMA
2837,DMA
2838,DMA
2839,DMA
2840,DMA
2872,DNK
2873,DNK
2874,DNK
2875,DNK
2876,DNK
2877,DNK
2878,DNK
2879,DNK
2880,DNK
2881,DNK
2882,DNK
2883,DNK
2884,DNK
2885,DNK
2886,DNK
2887,DNK
2888,DNK
2889,DNK
2890,DNK
2922,DOM
2923,DOM
2924,DOM
2925,DOM
2926,DOM
2927,DOM
2928,DOM
2929,DOM
2930,DOM
2931,DOM
2932,DOM
2933,DOM
2934,DOM
2935,DOM
2936,DOM
2937,DOM
2938,DOM
2939,DOM
2940,DOM
2972,DZA
2973,DZA
2974,DZA
2975,DZA
2976,DZA
2977,DZA
2978,DZA
2979,DZA
2980,DZA
2981,DZA
2982,DZA
2983,DZA
2984,DZA
2985,DZA
2986,DZA
2987,DZA
2988,DZA
2989,DZA
2990,DZA
3022,EAP
3023,EAP
3024,EAP
3025,EAP
3026,EAP
3027,EAP
3028,EAP
3029,EAP
3030,EAP
3031,EAP
3032,EAP
3033,EAP
3034,EAP
3035,EAP
3036,EAP
3037,EAP
3038,EAP
3039,EAP
3040,EAP
3072,EAR
3073,EAR
3074,EAR
3075,EAR
3076,EAR
3077,EAR
3078,EAR
3079,EAR
3080,EAR
3081,EAR
3082,EAR
3083,EAR
3084,EAR
3085,EAR
3086,EAR
3087,EAR
3088,EAR
3089,EAR
3090,EAR
3122,EAS
3123,EAS
3124,EAS
3125,EAS
3126,EAS
3127,EAS
3128,EAS
3129,EAS
3130,EAS
3131,EAS
3132,EAS
3133,EAS
3134,EAS
3135,EAS
3136,EAS
3137,EAS
3138,EAS
3139,EAS
3140,EAS
3172,ECA
3173,ECA
3174,ECA
3175,ECA
3176,ECA
3177,ECA
3178,ECA
3179,ECA
3180,ECA
3181,ECA
3182,ECA
3183,ECA
3184,ECA
3185,ECA
3186,ECA
3187,ECA
3188,ECA
3189,ECA
3190,ECA
3222,ECS
3223,ECS
3224,ECS
3225,ECS
3226,ECS
3227,ECS
3228,ECS
3229,ECS
3230,ECS
3231,ECS
3232,ECS
3233,ECS
3234,ECS
3235,ECS
3236,ECS
3237,ECS
3238,ECS
3239,ECS
3240,ECS
3272,ECU
3273,ECU
3274,ECU
3275,ECU
3276,ECU
3277,ECU
3278,ECU
3279,ECU
3280,ECU
3281,ECU
3282,ECU
3283,ECU
3284,ECU
3285,ECU
3286,ECU
3287,ECU
3288,ECU
3289,ECU
3290,ECU
3322,EGY
3323,EGY
3324,EGY
3325,EGY
3326,EGY
3327,EGY
3328,EGY
3329,EGY
3330,EGY
3331,EGY
3332,EGY
3333,EGY
3334,EGY
3335,EGY
3336,EGY
3337,EGY
3338,EGY
3339,EGY
3340,EGY
3372,EMU
3373,EMU
3374,EMU
3375,EMU
3376,EMU
3377,EMU
3378,EMU
3379,EMU
3380,EMU
3381,EMU
3382,EMU
3383,EMU
3384,EMU
3385,EMU
3386,EMU
3387,EMU
3388,EMU
3389,EMU
3390,EMU
3422,ERI
3423,ERI
3424,ERI
3425,ERI
3426,ERI
3427,ERI
3428,ERI
3429,ERI
3430,ERI
3431,ERI
3432,ERI
3433,ERI
3471,ESP
3472,ESP
3473,ESP
3474,ESP
3475,ESP
3476,ESP
3477,ESP
3478,ESP
3479,ESP
3480,ESP
3481,ESP
3482,ESP
3483,ESP
3484,ESP
3485,ESP
3486,ESP
3487,ESP
3488,ESP
3489,ESP
3521,EST
3522,EST
3523,EST
3524,EST
3525,EST
3526,EST
3527,EST
3528,EST
3529,EST
3530,EST
3531,EST
3532,EST
3533,EST
3534,EST
3535,EST
3536,EST
3537,EST
3538,EST
3539,EST
3571,ETH
3572,ETH
3573,ETH
3574,ETH
3575,ETH
3576,ETH
3577,ETH
3578,ETH
3579,ETH
3580,ETH
3581,ETH
3582,ETH
3583,ETH
3584,ETH
3585,ETH
3586,ETH
3587,ETH
3588,ETH
3589,ETH
3621,EUU
3622,EUU
3623,EUU
3624,EUU
3625,EUU
3626,EUU
3627,EUU
3628,EUU
3629,EUU
3630,EUU
3631,EUU
3632,EUU
3633,EUU
3634,EUU
3635,EUU
3636,EUU
3637,EUU
3638,EUU
3639,EUU
3671,FCS
3672,FCS
3673,FCS
3674,FCS
3675,FCS
3676,FCS
3677,FCS
3678,FCS
3679,FCS
3680,FCS
3681,FCS
3682,FCS
3683,FCS
3684,FCS
3685,FCS
3686,FCS
3687,FCS
3688,FCS
3689,FCS
3721,FIN
3722,FIN
3723,FIN
3724,FIN
3725,FIN
3726,FIN
3727,FIN
3728,FIN
3729,FIN
3730,FIN
3731,FIN
3732,FIN
3733,FIN
3734,FIN
3735,FIN
3736,FIN
3737,FIN
3738,FIN
3739,FIN
3771,FJI
3772,FJI
3773,FJI
3774,FJI
3775,FJI
3776,FJI
3777,FJI
3778,FJI
3779,FJI
3780,FJI
3781,FJI
3782,FJI
3783,FJI
3784,FJI
3785,FJI
3786,FJI
3787,FJI
3788,FJI
3789,FJI
3821,FRA
3822,FRA
3823,FRA
3824,FRA
3825,FRA
3826,FRA
3827,FRA
3828,FRA
3829,FRA
3830,FRA
3831,FRA
3832,FRA
3833,FRA
3834,FRA
3835,FRA
3836,FRA
3837,FRA
3838,FRA
3839,FRA
3921,FSM
3922,FSM
3923,FSM
3924,FSM
3925,FSM
3926,FSM
3927,FSM
3928,FSM
3929,FSM
3930,FSM
3931,FSM
3932,FSM
3933,FSM
3934,FSM
3935,FSM
3936,FSM
3937,FSM
3938,FSM
3939,FSM
3971,GAB
3972,GAB
3973,GAB
3974,GAB
3975,GAB
3976,GAB
3977,GAB
3978,GAB
3979,GAB
3980,GAB
3981,GAB
3982,GAB
3983,GAB
3984,GAB
3985,GAB
3986,GAB
3987,GAB
3988,GAB
3989,GAB
4021,GBR
4022,GBR
4023,GBR
4024,GBR
4025,GBR
4026,GBR
4027,GBR
4028,GBR
4029,GBR
4030,GBR
4031,GBR
4032,GBR
4033,GBR
4034,GBR
4035,GBR
4036,GBR
4037,GBR
4038,GBR
4039,GBR
4071,GEO
4072,GEO
4073,GEO
4074,GEO
4075,GEO
4076,GEO
4077,GEO
4078,GEO
4079,GEO
4080,GEO
4081,GEO
4082,GEO
4083,GEO
4084,GEO
4085,GEO
4086,GEO
4087,GEO
4088,GEO
4089,GEO
4121,GHA
4122,GHA
4123,GHA
4124,GHA
4125,GHA
4126,GHA
4127,GHA
4128,GHA
4129,GHA
4130,GHA
4131,GHA
4132,GHA
4133,GHA
4134,GHA
4135,GHA
4136,GHA
4137,GHA
4138,GHA
4139,GHA
4220,GIN
4221,GIN
4222,GIN
4223,GIN
4224,GIN
4225,GIN
4226,GIN
4227,GIN
4228,GIN
4229,GIN
4230,GIN
4231,GIN
4232,GIN
4233,GIN
4234,GIN
4235,GIN
4236,GIN
4237,GIN
4238,GIN
4270,GMB
4271,GMB
4272,GMB
4273,GMB
4274,GMB
4275,GMB
4276,GMB
4277,GMB
4278,GMB
4279,GMB
4280,GMB
4281,GMB
4282,GMB
4283,GMB
4284,GMB
4285,GMB
4286,GMB
4287,GMB
4288,GMB
4320,GNB
4321,GNB
4322,GNB
4323,GNB
4324,GNB
4325,GNB
4326,GNB
4327,GNB
4328,GNB
4329,GNB
4330,GNB
4331,GNB
4332,GNB
4333,GNB
4334,GNB
4335,GNB
4336,GNB
4337,GNB
4338,GNB
4370,GNQ
4371,GNQ
4372,GNQ
4373,GNQ
4374,GNQ
4375,GNQ
4376,GNQ
4377,GNQ
4378,GNQ
4379,GNQ
4380,GNQ
4381,GNQ
4382,GNQ
4383,GNQ
4384,GNQ
4385,GNQ
4386,GNQ
4387,GNQ
4388,GNQ
4420,GRC
4421,GRC
4422,GRC
4423,GRC
4424,GRC
4425,GRC
4426,GRC
4427,GRC
4428,GRC
4429,GRC
4430,GRC
4431,GRC
4432,GRC
4433,GRC
4434,GRC
4435,GRC
4436,GRC
4437,GRC
4438,GRC
4470,GRD
4471,GRD
4472,GRD
4473,GRD
4474,GRD
4475,GRD
4476,GRD
4477,GRD
4478,GRD
4479,GRD
4480,GRD
4481,GRD
4482,GRD
4483,GRD
4484,GRD
4485,GRD
4486,GRD
4487,GRD
4488,GRD
4570,GTM
4571,GTM
4572,GTM
4573,GTM
4574,GTM
4575,GTM
4576,GTM
4577,GTM
4578,GTM
4579,GTM
4580,GTM
4581,GTM
4582,GTM
4583,GTM
4584,GTM
4585,GTM
4586,GTM
4587,GTM
4588,GTM
4670,GUY
4671,GUY
4672,GUY
4673,GUY
4674,GUY
4675,GUY
4676,GUY
4677,GUY
4678,GUY
4679,GUY
4680,GUY
4681,GUY
4682,GUY
4683,GUY
4684,GUY
4685,GUY
4686,GUY
4687,GUY
4688,GUY
4720,HIC
4721,HIC
4722,HIC
4723,HIC
4724,HIC
4725,HIC
4726,HIC
4727,HIC
4728,HIC
4729,HIC
4730,HIC
4731,HIC
4732,HIC
4733,HIC
4734,HIC
4735,HIC
4736,HIC
4737,HIC
4738,HIC
4820,HND
4821,HND
4822,HND
4823,HND
4824,HND
4825,HND
4826,HND
4827,HND
4828,HND
4829,HND
4830,HND
4831,HND
4832,HND
4833,HND
4834,HND
4835,HND
4836,HND
4837,HND
4838,HND
4870,HPC
4871,HPC
4872,HPC
4873,HPC
4874,HPC
4875,HPC
4876,HPC
4877,HPC
4878,HPC
4879,HPC
4880,HPC
4881,HPC
4882,HPC
4883,HPC
4884,HPC
4885,HPC
4886,HPC
4887,HPC
4888,HPC
4920,HRV
4921,HRV
4922,HRV
4923,HRV
4924,HRV
4925,HRV
4926,HRV
4927,HRV
4928,HRV
4929,HRV
4930,HRV
4931,HRV
4932,HRV
4933,HRV
4934,HRV
4935,HRV
4936,HRV
4937,HRV
4938,HRV
4970,HTI
4971,HTI
4972,HTI
4973,HTI
4974,HTI
4975,HTI
4976,HTI
4977,HTI
4978,HTI
4979,HTI
4980,HTI
4981,HTI
4982,HTI
4983,HTI
4984,HTI
4985,HTI
4986,HTI
4987,HTI
4988,HTI
5020,HUN
5021,HUN
5022,HUN
5023,HUN
5024,HUN
5025,HUN
5026,HUN
5027,HUN
5028,HUN
5029,HUN
5030,HUN
5031,HUN
5032,HUN
5033,HUN
5034,HUN
5035,HUN
5036,HUN
5037,HUN
5038,HUN
5070,IBD
5071,IBD
5072,IBD
5073,IBD
5074,IBD
5075,IBD
5076,IBD
5077,IBD
5078,IBD
5079,IBD
5080,IBD
5081,IBD
5082,IBD
5083,IBD
5084,IBD
5085,IBD
5086,IBD
5087,IBD
5088,IBD
5120,IBT
5121,IBT
5122,IBT
5123,IBT
5124,IBT
5125,IBT
5126,IBT
5127,IBT
5128,IBT
5129,IBT
5130,IBT
5131,IBT
5132,IBT
5133,IBT
5134,IBT
5135,IBT
5136,IBT
5137,IBT
5138,IBT
5170,IDA
5171,IDA
5172,IDA
5173,IDA
5174,IDA
5175,IDA
5176,IDA
5177,IDA
5178,IDA
5179,IDA
5180,IDA
5181,IDA
5182,IDA
5183,IDA
5184,IDA
5185,IDA
5186,IDA
5187,IDA
5188,IDA
5220,IDB
5221,IDB
5222,IDB
5223,IDB
5224,IDB
5225,IDB
5226,IDB
5227,IDB
5228,IDB
5229,IDB
5230,IDB
5231,IDB
5232,IDB
5233,IDB
5234,IDB
5235,IDB
5236,IDB
5237,IDB
5238,IDB
5270,IDN
5271,IDN
5272,IDN
5273,IDN
5274,IDN
5275,IDN
5276,IDN
5277,IDN
5278,IDN
5279,IDN
5280,IDN
5281,IDN
5282,IDN
5283,IDN
5284,IDN
5285,IDN
5286,IDN
5287,IDN
5288,IDN
5320,IDX
5321,IDX
5322,IDX
5323,IDX
5324,IDX
5325,IDX
5326,IDX
5327,IDX
5328,IDX
5329,IDX
5330,IDX
5331,IDX
5332,IDX
5333,IDX
5334,IDX
5335,IDX
5336,IDX
5337,IDX
5338,IDX
5395,IND
5396,IND
5397,IND
5398,IND
5399,IND
5400,IND
5401,IND
5402,IND
5403,IND
5404,IND
5405,IND
5406,IND
5407,IND
5408,IND
5409,IND
5410,IND
5411,IND
5412,IND
5413,IND
5445,IRL
5446,IRL
5447,IRL
5448,IRL
5449,IRL
5450,IRL
5451,IRL
5452,IRL
5453,IRL
5454,IRL
5455,IRL
5456,IRL
5457,IRL
5458,IRL
5459,IRL
5460,IRL
5461,IRL
5462,IRL
5463,IRL
5495,IRN
5496,IRN
5497,IRN
5498,IRN
5499,IRN
5500,IRN
5501,IRN
5502,IRN
5503,IRN
5504,IRN
5505,IRN
5506,IRN
5507,IRN
5508,IRN
5509,IRN
5510,IRN
5511,IRN
5512,IRN
5513,IRN
5545,IRQ
5546,IRQ
5547,IRQ
5548,IRQ
5549,IRQ
5550,IRQ
5551,IRQ
5552,IRQ
5553,IRQ
5554,IRQ
5555,IRQ
5556,IRQ
5557,IRQ
5558,IRQ
5559,IRQ
5560,IRQ
5561,IRQ
5562,IRQ
5563,IRQ
5595,ISL
5596,ISL
5597,ISL
5598,ISL
5599,ISL
5600,ISL
5601,ISL
5602,ISL
5603,ISL
5604,ISL
5605,ISL
5606,ISL
5607,ISL
5608,ISL
5609,ISL
5610,ISL
5611,ISL
5612,ISL
5613,ISL
5645,ISR
5646,ISR
5647,ISR
5648,ISR
5649,ISR
5650,ISR
5651,ISR
5652,ISR
5653,ISR
5654,ISR
5655,ISR
5656,ISR
5657,ISR
5658,ISR
5659,ISR
5660,ISR
5661,ISR
5662,ISR
5663,ISR
5695,ITA
5696,ITA
5697,ITA
5698,ITA
5699,ITA
5700,ITA
5701,ITA
5702,ITA
5703,ITA
5704,ITA
5705,ITA
5706,ITA
5707,ITA
5708,ITA
5709,ITA
5710,ITA
5711,ITA
5712,ITA
5713,ITA
5745,JAM
5746,JAM
5747,JAM
5748,JAM
5749,JAM
5750,JAM
5751,JAM
5752,JAM
5753,JAM
5754,JAM
5755,JAM
5756,JAM
5757,JAM
5758,JAM
5759,JAM
5760,JAM
5761,JAM
5762,JAM
5763,JAM
5795,JOR
5796,JOR
5797,JOR
5798,JOR
5799,JOR
5800,JOR
5801,JOR
5802,JOR
5803,JOR
5804,JOR
5805,JOR
5806,JOR
5807,JOR
5808,JOR
5809,JOR
5810,JOR
5811,JOR
5812,JOR
5813,JOR
5845,JPN
5846,JPN
5847,JPN
5848,JPN
5849,JPN
5850,JPN
5851,JPN
5852,JPN
5853,JPN
5854,JPN
5855,JPN
5856,JPN
5857,JPN
5858,JPN
5859,JPN
5860,JPN
5861,JPN
5862,JPN
5863,JPN
5895,KAZ
5896,KAZ
5897,KAZ
5898,KAZ
5899,KAZ
5900,KAZ
5901,KAZ
5902,KAZ
5903,KAZ
5904,KAZ
5905,KAZ
5906,KAZ
5907,KAZ
5908,KAZ
5909,KAZ
5910,KAZ
5911,KAZ
5912,KAZ
5913,KAZ
5945,KEN
5946,KEN
5947,KEN
5948,KEN
5949,KEN
5950,KEN
5951,KEN
5952,KEN
5953,KEN
5954,KEN
5955,KEN
5956,KEN
5957,KEN
5958,KEN
5959,KEN
5960,KEN
5961,KEN
5962,KEN
5963,KEN
5995,KGZ
5996,KGZ
5997,KGZ
5998,KGZ
5999,KGZ
6000,KGZ
6001,KGZ
6002,KGZ
6003,KGZ
6004,KGZ
6005,KGZ
6006,KGZ
6007,KGZ
6008,KGZ
6009,KGZ
6010,KGZ
6011,KGZ
6012,KGZ
6013,KGZ
6045,KHM
6046,KHM
6047,KHM
6048,KHM
6049,KHM
6050,KHM
6051,KHM
6052,KHM
6053,KHM
6054,KHM
6055,KHM
6056,KHM
6057,KHM
6058,KHM
6059,KHM
6060,KHM
6061,KHM
6062,KHM
6063,KHM
6095,KIR
6096,KIR
6097,KIR
6098,KIR
6099,KIR
6100,KIR
6101,KIR
6102,KIR
6103,KIR
6104,KIR
6105,KIR
6106,KIR
6107,KIR
6108,KIR
6109,KIR
6110,KIR
6111,KIR
6112,KIR
6113,KIR
6145,KNA
6146,KNA
6147,KNA
6148,KNA
6149,KNA
6150,KNA
6151,KNA
6152,KNA
6153,KNA
6154,KNA
6155,KNA
6156,KNA
6157,KNA
6158,KNA
6159,KNA
6160,KNA
6161,KNA
6162,KNA
6163,KNA
6195,KOR
6196,KOR
6197,KOR
6198,KOR
6199,KOR
6200,KOR
6201,KOR
6202,KOR
6203,KOR
6204,KOR
6205,KOR
6206,KOR
6207,KOR
6208,KOR
6209,KOR
6210,KOR
6211,KOR
6212,KOR
6213,KOR
6245,KWT
6246,KWT
6247,KWT
6248,KWT
6249,KWT
6250,KWT
6251,KWT
6252,KWT
6253,KWT
6254,KWT
6255,KWT
6256,KWT
6257,KWT
6258,KWT
6259,KWT
6260,KWT
6261,KWT
6262,KWT
6263,KWT
6295,LAC
6296,LAC
6297,LAC
6298,LAC
6299,LAC
6300,LAC
6301,LAC
6302,LAC
6303,LAC
6304,LAC
6305,LAC
6306,LAC
6307,LAC
6308,LAC
6309,LAC
6310,LAC
6311,LAC
6312,LAC
6313,LAC
6345,LAO
6346,LAO
6347,LAO
6348,LAO
6349,LAO
6350,LAO
6351,LAO
6352,LAO
6353,LAO
6354,LAO
6355,LAO
6356,LAO
6357,LAO
6358,LAO
6359,LAO
6360,LAO
6361,LAO
6362,LAO
6363,LAO
6395,LBN
6396,LBN
6397,LBN
6398,LBN
6399,LBN
6400,LBN
6401,LBN
6402,LBN
6403,LBN
6404,LBN
6405,LBN
6406,LBN
6407,LBN
6408,LBN
6409,LBN
6410,LBN
6411,LBN
6412,LBN
6413,LBN
6445,LBR
6446,LBR
6447,LBR
6448,LBR
6449,LBR
6450,LBR
6451,LBR
6452,LBR
6453,LBR
6454,LBR
6455,LBR
6456,LBR
6457,LBR
6458,LBR
6459,LBR
6460,LBR
6461,LBR
6462,LBR
6463,LBR
6495,LBY
6496,LBY
6497,LBY
6498,LBY
6499,LBY
6500,LBY
6501,LBY
6502,LBY
6503,LBY
6504,LBY
6505,LBY
6506,LBY
6507,LBY
6508,LBY
6509,LBY
6510,LBY
6511,LBY
6512,LBY
6513,LBY
6545,LCA
6546,LCA
6547,LCA
6548,LCA
6549,LCA
6550,LCA
6551,LCA
6552,LCA
6553,LCA
6554,LCA
6555,LCA
6556,LCA
6557,LCA
6558,LCA
6559,LCA
6560,LCA
6561,LCA
6562,LCA
6563,LCA
6595,LCN
6596,LCN
6597,LCN
6598,LCN
6599,LCN
6600,LCN
6601,LCN
6602,LCN
6603,LCN
6604,LCN
6605,LCN
6606,LCN
6607,LCN
6608,LCN
6609,LCN
6610,LCN
6611,LCN
6612,LCN
6613,LCN
6645,LDC
6646,LDC
6647,LDC
6648,LDC
6649,LDC
6650,LDC
6651,LDC
6652,LDC
6653,LDC
6654,LDC
6655,LDC
6656,LDC
6657,LDC
6658,LDC
6659,LDC
6660,LDC
6661,LDC
6662,LDC
6663,LDC
6695,LIC
6696,LIC
6697,LIC
6698,LIC
6699,LIC
6700,LIC
6701,LIC
6702,LIC
6703,LIC
6704,LIC
6705,LIC
6706,LIC
6707,LIC
6708,LIC
6709,LIC
6710,LIC
6711,LIC
6712,LIC
6713,LIC
6745,LIE
6746,LIE
6747,LIE
6748,LIE
6749,LIE
6750,LIE
6751,LIE
6752,LIE
6753,LIE
6754,LIE
6755,LIE
6756,LIE
6757,LIE
6758,LIE
6759,LIE
6760,LIE
6761,LIE
6762,LIE
6763,LIE
6795,LKA
6796,LKA
6797,LKA
6798,LKA
6799,LKA
6800,LKA
6801,LKA
6802,LKA
6803,LKA
6804,LKA
6805,LKA
6806,LKA
6807,LKA
6808,LKA
6809,LKA
6810,LKA
6811,LKA
6812,LKA
6813,LKA
6845,LMC
6846,LMC
6847,LMC
6848,LMC
6849,LMC
6850,LMC
6851,LMC
6852,LMC
6853,LMC
6854,LMC
6855,LMC
6856,LMC
6857,LMC
6858,LMC
6859,LMC
6860,LMC
6861,LMC
6862,LMC
6863,LMC
6895,LMY
6896,LMY
6897,LMY
6898,LMY
6899,LMY
6900,LMY
6901,LMY
6902,LMY
6903,LMY
6904,LMY
6905,LMY
6906,LMY
6907,LMY
6908,LMY
6909,LMY
6910,LMY
6911,LMY
6912,LMY
6913,LMY
6945,LSO
6946,LSO
6947,LSO
6948,LSO
6949,LSO
6950,LSO
6951,LSO
6952,LSO
6953,LSO
6954,LSO
6955,LSO
6956,LSO
6957,LSO
6958,LSO
6959,LSO
6960,LSO
6961,LSO
6962,LSO
6963,LSO
6995,LTE
6996,LTE
6997,LTE
6998,LTE
6999,LTE
7000,LTE
7001,LTE
7002,LTE
7003,LTE
7004,LTE
7005,LTE
7006,LTE
7007,LTE
7008,LTE
7009,LTE
7010,LTE
7011,LTE
7012,LTE
7013,LTE
7045,LTU
7046,LTU
7047,LTU
7048,LTU
7049,LTU
7050,LTU
7051,LTU
7052,LTU
7053,LTU
7054,LTU
7055,LTU
7056,LTU
7057,LTU
7058,LTU
7059,LTU
7060,LTU
7061,LTU
7062,LTU
7063,LTU
7095,LUX
7096,LUX
7097,LUX
7098,LUX
7099,LUX
7100,LUX
7101,LUX
7102,LUX
7103,LUX
7104,LUX
7105,LUX
7106,LUX
7107,LUX
7108,LUX
7109,LUX
7110,LUX
7111,LUX
7112,LUX
7113,LUX
7145,LVA
7146,LVA
7147,LVA
7148,LVA
7149,LVA
7150,LVA
7151,LVA
7152,LVA
7153,LVA
7154,LVA
7155,LVA
7156,LVA
7157,LVA
7158,LVA
7159,LVA
7160,LVA
7161,LVA
7162,LVA
7163,LVA
7245,MAR
7246,MAR
7247,MAR
7248,MAR
7249,MAR
7250,MAR
7251,MAR
7252,MAR
7253,MAR
7254,MAR
7255,MAR
7256,MAR
7257,MAR
7258,MAR
7259,MAR
7260,MAR
7261,MAR
7262,MAR
7263,MAR
7345,MDA
7346,MDA
7347,MDA
7348,MDA
7349,MDA
7350,MDA
7351,MDA
7352,MDA
7353,MDA
7354,MDA
7355,MDA
7356,MDA
7357,MDA
7358,MDA
7359,MDA
7360,MDA
7361,MDA
7362,MDA
7363,MDA
7395,MDG
7396,MDG
7397,MDG
7398,MDG
7399,MDG
7400,MDG
7401,MDG
7402,MDG
7403,MDG
7404,MDG
7405,MDG
7406,MDG
7407,MDG
7408,MDG
7409,MDG
7410,MDG
7411,MDG
7412,MDG
7413,MDG
7445,MDV
7446,MDV
7447,MDV
7448,MDV
7449,MDV
7450,MDV
7451,MDV
7452,MDV
7453,MDV
7454,MDV
7455,MDV
7456,MDV
7457,MDV
7458,MDV
7459,MDV
7460,MDV
7461,MDV
7462,MDV
7463,MDV
7495,MEA
7496,MEA
7497,MEA
7498,MEA
7499,MEA
7500,MEA
7501,MEA
7502,MEA
7503,MEA
7504,MEA
7505,MEA
7506,MEA
7507,MEA
7508,MEA
7509,MEA
7510,MEA
7511,MEA
7512,MEA
7513,MEA
7545,MEX
7546,MEX
7547,MEX
7548,MEX
7549,MEX
7550,MEX
7551,MEX
7552,MEX
7553,MEX
7554,MEX
7555,MEX
7556,MEX
7557,MEX
7558,MEX
7559,MEX
7560,MEX
7561,MEX
7562,MEX
7563,MEX
7595,MHL
7596,MHL
7597,MHL
7598,MHL
7599,MHL
7600,MHL
7601,MHL
7602,MHL
7603,MHL
7604,MHL
7605,MHL
7606,MHL
7607,MHL
7608,MHL
7609,MHL
7610,MHL
7611,MHL
7612,MHL
7613,MHL
7645,MIC
7646,MIC
7647,MIC
7648,MIC
7649,MIC
7650,MIC
7651,MIC
7652,MIC
7653,MIC
7654,MIC
7655,MIC
7656,MIC
7657,MIC
7658,MIC
7659,MIC
7660,MIC
7661,MIC
7662,MIC
7663,MIC
7695,MKD
7696,MKD
7697,MKD
7698,MKD
7699,MKD
7700,MKD
7701,MKD
7702,MKD
7703,MKD
7704,MKD
7705,MKD
7706,MKD
7707,MKD
7708,MKD
7709,MKD
7710,MKD
7711,MKD
7712,MKD
7713,MKD
7745,MLI
7746,MLI
7747,MLI
7748,MLI
7749,MLI
7750,MLI
7751,MLI
7752,MLI
7753,MLI
7754,MLI
7755,MLI
7756,MLI
7757,MLI
7758,MLI
7759,MLI
7760,MLI
7761,MLI
7762,MLI
7763,MLI
7795,MLT
7796,MLT
7797,MLT
7798,MLT
7799,MLT
7800,MLT
7801,MLT
7802,MLT
7803,MLT
7804,MLT
7805,MLT
7806,MLT
7807,MLT
7808,MLT
7809,MLT
7810,MLT
7811,MLT
7812,MLT
7813,MLT
7845,MMR
7846,MMR
7847,MMR
7848,MMR
7849,MMR
7850,MMR
7851,MMR
7852,MMR
7853,MMR
7854,MMR
7855,MMR
7856,MMR
7857,MMR
7858,MMR
7859,MMR
7860,MMR
7861,MMR
7862,MMR
7863,MMR
7895,MNA
7896,MNA
7897,MNA
7898,MNA
7899,MNA
7900,MNA
7901,MNA
7902,MNA
7903,MNA
7904,MNA
7905,MNA
7906,MNA
7907,MNA
7908,MNA
7909,MNA
7910,MNA
7911,MNA
7912,MNA
7913,MNA
7925,MNE
7926,MNE
7927,MNE
7928,MNE
7929,MNE
7930,MNE
7931,MNE
7932,MNE
7933,MNE
7934,MNE
7935,MNE
7936,MNE
7937,MNE
7938,MNE
7939,MNE
7940,MNE
7941,MNE
7942,MNE
7943,MNE
7975,MNG
7976,MNG
7977,MNG
7978,MNG
7979,MNG
7980,MNG
7981,MNG
7982,MNG
7983,MNG
7984,MNG
7985,MNG
7986,MNG
7987,MNG
7988,MNG
7989,MNG
7990,MNG
7991,MNG
7992,MNG
7993,MNG
8073,MOZ
8074,MOZ
8075,MOZ
8076,MOZ
8077,MOZ
8078,MOZ
8079,MOZ
8080,MOZ
8081,MOZ
8082,MOZ
8083,MOZ
8084,MOZ
8085,MOZ
8086,MOZ
8087,MOZ
8088,MOZ
8089,MOZ
8090,MOZ
8091,MOZ
8123,MRT
8124,MRT
8125,MRT
8126,MRT
8127,MRT
8128,MRT
8129,MRT
8130,MRT
8131,MRT
8132,MRT
8133,MRT
8134,MRT
8135,MRT
8136,MRT
8137,MRT
8138,MRT
8139,MRT
8140,MRT
8141,MRT
8173,MUS
8174,MUS
8175,MUS
8176,MUS
8177,MUS
8178,MUS
8179,MUS
8180,MUS
8181,MUS
8182,MUS
8183,MUS
8184,MUS
8185,MUS
8186,MUS
8187,MUS
8188,MUS
8189,MUS
8190,MUS
8191,MUS
8223,MWI
8224,MWI
8225,MWI
8226,MWI
8227,MWI
8228,MWI
8229,MWI
8230,MWI
8231,MWI
8232,MWI
8233,MWI
8234,MWI
8235,MWI
8236,MWI
8237,MWI
8238,MWI
8239,MWI
8240,MWI
8241,MWI
8273,MYS
8274,MYS
8275,MYS
8276,MYS
8277,MYS
8278,MYS
8279,MYS
8280,MYS
8281,MYS
8282,MYS
8283,MYS
8284,MYS
8285,MYS
8286,MYS
8287,MYS
8288,MYS
8289,MYS
8290,MYS
8291,MYS
8323,NAC
8324,NAC
8325,NAC
8326,NAC
8327,NAC
8328,NAC
8329,NAC
8330,NAC
8331,NAC
8332,NAC
8333,NAC
8334,NAC
8335,NAC
8336,NAC
8337,NAC
8338,NAC
8339,NAC
8340,NAC
8341,NAC
8373,NAM
8374,NAM
8375,NAM
8376,NAM
8377,NAM
8378,NAM
8379,NAM
8380,NAM
8381,NAM
8382,NAM
8383,NAM
8384,NAM
8385,NAM
8386,NAM
8387,NAM
8388,NAM
8389,NAM
8390,NAM
8391,NAM
8473,NER
8474,NER
8475,NER
8476,NER
8477,NER
8478,NER
8479,NER
8480,NER
8481,NER
8482,NER
8483,NER
8484,NER
8485,NER
8486,NER
8487,NER
8488,NER
8489,NER
8490,NER
8491,NER
8523,NGA
8524,NGA
8525,NGA
8526,NGA
8527,NGA
8528,NGA
8529,NGA
8530,NGA
8531,NGA
8532,NGA
8533,NGA
8534,NGA
8535,NGA
8536,NGA
8537,NGA
8538,NGA
8539,NGA
8540,NGA
8541,NGA
8573,NIC
8574,NIC
8575,NIC
8576,NIC
8577,NIC
8578,NIC
8579,NIC
8580,NIC
8581,NIC
8582,NIC
8583,NIC
8584,NIC
8585,NIC
8586,NIC
8587,NIC
8588,NIC
8589,NIC
8590,NIC
8591,NIC
8623,NLD
8624,NLD
8625,NLD
8626,NLD
8627,NLD
8628,NLD
8629,NLD
8630,NLD
8631,NLD
8632,NLD
8633,NLD
8634,NLD
8635,NLD
8636,NLD
8637,NLD
8638,NLD
8639,NLD
8640,NLD
8641,NLD
8673,NOR
8674,NOR
8675,NOR
8676,NOR
8677,NOR
8678,NOR
8679,NOR
8680,NOR
8681,NOR
8682,NOR
8683,NOR
8684,NOR
8685,NOR
8686,NOR
8687,NOR
8688,NOR
8689,NOR
8690,NOR
8691,NOR
8723,NPL
8724,NPL
8725,NPL
8726,NPL
8727,NPL
8728,NPL
8729,NPL
8730,NPL
8731,NPL
8732,NPL
8733,NPL
8734,NPL
8735,NPL
8736,NPL
8737,NPL
8738,NPL
8739,NPL
8740,NPL
8741,NPL
8783,NRU
8784,NRU
8785,NRU
8786,NRU
8787,NRU
8788,NRU
8789,NRU
8790,NRU
8791,NRU
8823,NZL
8824,NZL
8825,NZL
8826,NZL
8827,NZL
8828,NZL
8829,NZL
8830,NZL
8831,NZL
8832,NZL
8833,NZL
8834,NZL
8835,NZL
8836,NZL
8837,NZL
8838,NZL
8839,NZL
8840,NZL
8841,NZL
8873,OED
8874,OED
8875,OED
8876,OED
8877,OED
8878,OED
8879,OED
8880,OED
8881,OED
8882,OED
8883,OED
8884,OED
8885,OED
8886,OED
8887,OED
8888,OED
8889,OED
8890,OED
8891,OED
8923,OMN
8924,OMN
8925,OMN
8926,OMN
8927,OMN
8928,OMN
8929,OMN
8930,OMN
8931,OMN
8932,OMN
8933,OMN
8934,OMN
8935,OMN
8936,OMN
8937,OMN
8938,OMN
8939,OMN
8940,OMN
8941,OMN
8973,OSS
8974,OSS
8975,OSS
8976,OSS
8977,OSS
8978,OSS
8979,OSS
8980,OSS
8981,OSS
8982,OSS
8983,OSS
8984,OSS
8985,OSS
8986,OSS
8987,OSS
8988,OSS
8989,OSS
8990,OSS
8991,OSS
9023,PAK
9024,PAK
9025,PAK
9026,PAK
9027,PAK
9028,PAK
9029,PAK
9030,PAK
9031,PAK
9032,PAK
9033,PAK
9034,PAK
9035,PAK
9036,PAK
9037,PAK
9038,PAK
9039,PAK
9040,PAK
9041,PAK
9073,PAN
9074,PAN
9075,PAN
9076,PAN
9077,PAN
9078,PAN
9079,PAN
9080,PAN
9081,PAN
9082,PAN
9083,PAN
9084,PAN
9085,PAN
9086,PAN
9087,PAN
9088,PAN
9089,PAN
9090,PAN
9091,PAN
9123,PER
9124,PER
9125,PER
9126,PER
9127,PER
9128,PER
9129,PER
9130,PER
9131,PER
9132,PER
9133,PER
9134,PER
9135,PER
9136,PER
9137,PER
9138,PER
9139,PER
9140,PER
9141,PER
9173,PHL
9174,PHL
9175,PHL
9176,PHL
9177,PHL
9178,PHL
9179,PHL
9180,PHL
9181,PHL
9182,PHL
9183,PHL
9184,PHL
9185,PHL
9186,PHL
9187,PHL
9188,PHL
9189,PHL
9190,PHL
9191,PHL
9223,PLW
9224,PLW
9225,PLW
9226,PLW
9227,PLW
9228,PLW
9229,PLW
9230,PLW
9231,PLW
9232,PLW
9233,PLW
9234,PLW
9235,PLW
9236,PLW
9237,PLW
9238,PLW
9239,PLW
9240,PLW
9241,PLW
9273,PNG
9274,PNG
9275,PNG
9276,PNG
9277,PNG
9278,PNG
9279,PNG
9280,PNG
9281,PNG
9282,PNG
9283,PNG
9284,PNG
9285,PNG
9286,PNG
9287,PNG
9288,PNG
9289,PNG
9290,PNG
9291,PNG
9323,POL
9324,POL
9325,POL
9326,POL
9327,POL
9328,POL
9329,POL
9330,POL
9331,POL
9332,POL
9333,POL
9334,POL
9335,POL
9336,POL
9337,POL
9338,POL
9339,POL
9340,POL
9341,POL
9373,PRE
9374,PRE
9375,PRE
9376,PRE
9377,PRE
9378,PRE
9379,PRE
9380,PRE
9381,PRE
9382,PRE
9383,PRE
9384,PRE
9385,PRE
9386,PRE
9387,PRE
9388,PRE
9389,PRE
9390,PRE
9391,PRE
9522,PRT
9523,PRT
9524,PRT
9525,PRT
9526,PRT
9527,PRT
9528,PRT
9529,PRT
9530,PRT
9531,PRT
9532,PRT
9533,PRT
9534,PRT
9535,PRT
9536,PRT
9537,PRT
9538,PRT
9539,PRT
9540,PRT
9572,PRY
9573,PRY
9574,PRY
9575,PRY
9576,PRY
9577,PRY
9578,PRY
9579,PRY
9580,PRY
9581,PRY
9582,PRY
9583,PRY
9584,PRY
9585,PRY
9586,PRY
9587,PRY
9588,PRY
9589,PRY
9590,PRY
9652,PSS
9653,PSS
9654,PSS
9655,PSS
9656,PSS
9657,PSS
9658,PSS
9659,PSS
9660,PSS
9661,PSS
9662,PSS
9663,PSS
9664,PSS
9665,PSS
9666,PSS
9667,PSS
9668,PSS
9669,PSS
9670,PSS
9702,PST
9703,PST
9704,PST
9705,PST
9706,PST
9707,PST
9708,PST
9709,PST
9710,PST
9711,PST
9712,PST
9713,PST
9714,PST
9715,PST
9716,PST
9717,PST
9718,PST
9719,PST
9720,PST
9801,QAT
9802,QAT
9803,QAT
9804,QAT
9805,QAT
9806,QAT
9807,QAT
9808,QAT
9809,QAT
9810,QAT
9811,QAT
9812,QAT
9813,QAT
9814,QAT
9815,QAT
9816,QAT
9817,QAT
9818,QAT
9819,QAT
9851,ROU
9852,ROU
9853,ROU
9854,ROU
9855,ROU
9856,ROU
9857,ROU
9858,ROU
9859,ROU
9860,ROU
9861,ROU
9862,ROU
9863,ROU
9864,ROU
9865,ROU
9866,ROU
9867,ROU
9868,ROU
9869,ROU
9901,RUS
9902,RUS
9903,RUS
9904,RUS
9905,RUS
9906,RUS
9907,RUS
9908,RUS
9909,RUS
9910,RUS
9911,RUS
9912,RUS
9913,RUS
9914,RUS
9915,RUS
9916,RUS
9917,RUS
9918,RUS
9919,RUS
9951,RWA
9952,RWA
9953,RWA
9954,RWA
9955,RWA
9956,RWA
9957,RWA
9958,RWA
9959,RWA
9960,RWA
9961,RWA
9962,RWA
9963,RWA
9964,RWA
9965,RWA
9966,RWA
9967,RWA
9968,RWA
9969,RWA
10001,SAS
10002,SAS
10003,SAS
10004,SAS
10005,SAS
10006,SAS
10007,SAS
10008,SAS
10009,SAS
10010,SAS
10011,SAS
10012,SAS
10013,SAS
10014,SAS
10015,SAS
10016,SAS
10017,SAS
10018,SAS
10019,SAS
10051,SAU
10052,SAU
10053,SAU
10054,SAU
10055,SAU
10056,SAU
10057,SAU
10058,SAU
10059,SAU
10060,SAU
10061,SAU
10062,SAU
10063,SAU
10064,SAU
10065,SAU
10066,SAU
10067,SAU
10068,SAU
10069,SAU
10101,SDN
10102,SDN
10103,SDN
10104,SDN
10105,SDN
10106,SDN
10107,SDN
10108,SDN
10109,SDN
10110,SDN
10111,SDN
10112,SDN
10113,SDN
10114,SDN
10115,SDN
10116,SDN
10117,SDN
10118,SDN
10119,SDN
10151,SEN
10152,SEN
10153,SEN
10154,SEN
10155,SEN
10156,SEN
10157,SEN
10158,SEN
10159,SEN
10160,SEN
10161,SEN
10162,SEN
10163,SEN
10164,SEN
10165,SEN
10166,SEN
10167,SEN
10168,SEN
10169,SEN
10201,SGP
10202,SGP
10203,SGP
10204,SGP
10205,SGP
10206,SGP
10207,SGP
10208,SGP
10209,SGP
10210,SGP
10211,SGP
10212,SGP
10213,SGP
10214,SGP
10215,SGP
10216,SGP
10217,SGP
10218,SGP
10219,SGP
10251,SLB
10252,SLB
10253,SLB
10254,SLB
10255,SLB
10256,SLB
10257,SLB
10258,SLB
10259,SLB
10260,SLB
10261,SLB
10262,SLB
10263,SLB
10264,SLB
10265,SLB
10266,SLB
10267,SLB
10268,SLB
10269,SLB
10301,SLE
10302,SLE
10303,SLE
10304,SLE
10305,SLE
10306,SLE
10307,SLE
10308,SLE
10309,SLE
10310,SLE
10311,SLE
10312,SLE
10313,SLE
10314,SLE
10315,SLE
10316,SLE
10317,SLE
10318,SLE
10319,SLE
10351,SLV
10352,SLV
10353,SLV
10354,SLV
10355,SLV
10356,SLV
10357,SLV
10358,SLV
10359,SLV
10360,SLV
10361,SLV
10362,SLV
10363,SLV
10364,SLV
10365,SLV
10366,SLV
10367,SLV
10368,SLV
10369,SLV
10435,SOM
10436,SOM
10437,SOM
10438,SOM
10439,SOM
10440,SOM
10452,SRB
10453,SRB
10454,SRB
10455,SRB
10456,SRB
10457,SRB
10458,SRB
10459,SRB
10460,SRB
10461,SRB
10462,SRB
10463,SRB
10464,SRB
10465,SRB
10466,SRB
10467,SRB
10468,SRB
10469,SRB
10470,SRB
10502,SSA
10503,SSA
10504,SSA
10505,SSA
10506,SSA
10507,SSA
10508,SSA
10509,SSA
10510,SSA
10511,SSA
10512,SSA
10513,SSA
10514,SSA
10515,SSA
10516,SSA
10517,SSA
10518,SSA
10519,SSA
10520,SSA
10540,SSD
10541,SSD
10542,SSD
10543,SSD
10544,SSD
10545,SSD
10546,SSD
10547,SSD
10581,SSF
10582,SSF
10583,SSF
10584,SSF
10585,SSF
10586,SSF
10587,SSF
10588,SSF
10589,SSF
10590,SSF
10591,SSF
10592,SSF
10593,SSF
10594,SSF
10595,SSF
10596,SSF
10597,SSF
10598,SSF
10599,SSF
10631,SST
10632,SST
10633,SST
10634,SST
10635,SST
10636,SST
10637,SST
10638,SST
10639,SST
10640,SST
10641,SST
10642,SST
10643,SST
10644,SST
10645,SST
10646,SST
10647,SST
10648,SST
10649,SST
10682,STP
10683,STP
10684,STP
10685,STP
10686,STP
10687,STP
10688,STP
10689,STP
10690,STP
10691,STP
10692,STP
10693,STP
10694,STP
10695,STP
10696,STP
10697,STP
10698,STP
10699,STP
10731,SUR
10732,SUR
10733,SUR
10734,SUR
10735,SUR
10736,SUR
10737,SUR
10738,SUR
10739,SUR
10740,SUR
10741,SUR
10742,SUR
10743,SUR
10744,SUR
10745,SUR
10746,SUR
10747,SUR
10748,SUR
10749,SUR
10781,SVK
10782,SVK
10783,SVK
10784,SVK
10785,SVK
10786,SVK
10787,SVK
10788,SVK
10789,SVK
10790,SVK
10791,SVK
10792,SVK
10793,SVK
10794,SVK
10795,SVK
10796,SVK
10797,SVK
10798,SVK
10799,SVK
10831,SVN
10832,SVN
10833,SVN
10834,SVN
10835,SVN
10836,SVN
10837,SVN
10838,SVN
10839,SVN
10840,SVN
10841,SVN
10842,SVN
10843,SVN
10844,SVN
10845,SVN
10846,SVN
10847,SVN
10848,SVN
10849,SVN
10881,SWE
10882,SWE
10883,SWE
10884,SWE
10885,SWE
10886,SWE
10887,SWE
10888,SWE
10889,SWE
10890,SWE
10891,SWE
10892,SWE
10893,SWE
10894,SWE
10895,SWE
10896,SWE
10897,SWE
10898,SWE
10899,SWE
10931,SWZ
10932,SWZ
10933,SWZ
10934,SWZ
10935,SWZ
10936,SWZ
10937,SWZ
10938,SWZ
10939,SWZ
10940,SWZ
10941,SWZ
10942,SWZ
10943,SWZ
10944,SWZ
10945,SWZ
10946,SWZ
10947,SWZ
10948,SWZ
10949,SWZ
11000,SYC
11001,SYC
11002,SYC
11003,SYC
11004,SYC
11005,SYC
11006,SYC
11007,SYC
11008,SYC
11009,SYC
11010,SYC
11011,SYC
11012,SYC
11013,SYC
11014,SYC
11015,SYC
11016,SYC
11017,SYC
11018,SYC
11050,SYR
11051,SYR
11052,SYR
11053,SYR
11054,SYR
11055,SYR
11056,SYR
11057,SYR
11058,SYR
11059,SYR
11060,SYR
11061,SYR
11062,SYR
11063,SYR
11064,SYR
11065,SYR
11066,SYR
11067,SYR
11068,SYR
11150,TCD
11151,TCD
11152,TCD
11153,TCD
11154,TCD
11155,TCD
11156,TCD
11157,TCD
11158,TCD
11159,TCD
11160,TCD
11161,TCD
11162,TCD
11163,TCD
11164,TCD
11165,TCD
11166,TCD
11167,TCD
11168,TCD
11200,TEA
11201,TEA
11202,TEA
11203,TEA
11204,TEA
11205,TEA
11206,TEA
11207,TEA
11208,TEA
11209,TEA
11210,TEA
11211,TEA
11212,TEA
11213,TEA
11214,TEA
11215,TEA
11216,TEA
11217,TEA
11218,TEA
11250,TEC
11251,TEC
11252,TEC
11253,TEC
11254,TEC
11255,TEC
11256,TEC
11257,TEC
11258,TEC
11259,TEC
11260,TEC
11261,TEC
11262,TEC
11263,TEC
11264,TEC
11265,TEC
11266,TEC
11267,TEC
11268,TEC
11300,TGO
11301,TGO
11302,TGO
11303,TGO
11304,TGO
11305,TGO
11306,TGO
11307,TGO
11308,TGO
11309,TGO
11310,TGO
11311,TGO
11312,TGO
11313,TGO
11314,TGO
11315,TGO
11316,TGO
11317,TGO
11318,TGO
11350,THA
11351,THA
11352,THA
11353,THA
11354,THA
11355,THA
11356,THA
11357,THA
11358,THA
11359,THA
11360,THA
11361,THA
11362,THA
11363,THA
11364,THA
11365,THA
11366,THA
11367,THA
11368,THA
11400,TJK
11401,TJK
11402,TJK
11403,TJK
11404,TJK
11405,TJK
11406,TJK
11407,TJK
11408,TJK
11409,TJK
11410,TJK
11411,TJK
11412,TJK
11413,TJK
11414,TJK
11415,TJK
11416,TJK
11417,TJK
11418,TJK
11450,TKM
11451,TKM
11452,TKM
11453,TKM
11454,TKM
11455,TKM
11456,TKM
11457,TKM
11458,TKM
11459,TKM
11460,TKM
11461,TKM
11462,TKM
11463,TKM
11464,TKM
11465,TKM
11466,TKM
11467,TKM
11468,TKM
11500,TLA
11501,TLA
11502,TLA
11503,TLA
11504,TLA
11505,TLA
11506,TLA
11507,TLA
11508,TLA
11509,TLA
11510,TLA
11511,TLA
11512,TLA
11513,TLA
11514,TLA
11515,TLA
11516,TLA
11517,TLA
11518,TLA
11550,TLS
11551,TLS
11552,TLS
11553,TLS
11554,TLS
11555,TLS
11556,TLS
11557,TLS
11558,TLS
11559,TLS
11560,TLS
11561,TLS
11562,TLS
11563,TLS
11564,TLS
11565,TLS
11566,TLS
11567,TLS
11568,TLS
11600,TMN
11601,TMN
11602,TMN
11603,TMN
11604,TMN
11605,TMN
11606,TMN
11607,TMN
11608,TMN
11609,TMN
11610,TMN
11611,TMN
11612,TMN
11613,TMN
11614,TMN
11615,TMN
11616,TMN
11617,TMN
11618,TMN
11650,TON
11651,TON
11652,TON
11653,TON
11654,TON
11655,TON
11656,TON
11657,TON
11658,TON
11659,TON
11660,TON
11661,TON
11662,TON
11663,TON
11664,TON
11665,TON
11666,TON
11667,TON
11668,TON
11700,TSA
11701,TSA
11702,TSA
11703,TSA
11704,TSA
11705,TSA
11706,TSA
11707,TSA
11708,TSA
11709,TSA
11710,TSA
11711,TSA
11712,TSA
11713,TSA
11714,TSA
11715,TSA
11716,TSA
11717,TSA
11718,TSA
11750,TSS
11751,TSS
11752,TSS
11753,TSS
11754,TSS
11755,TSS
11756,TSS
11757,TSS
11758,TSS
11759,TSS
11760,TSS
11761,TSS
11762,TSS
11763,TSS
11764,TSS
11765,TSS
11766,TSS
11767,TSS
11768,TSS
11800,TTO
11801,TTO
11802,TTO
11803,TTO
11804,TTO
11805,TTO
11806,TTO
11807,TTO
11808,TTO
11809,TTO
11810,TTO
11811,TTO
11812,TTO
11813,TTO
11814,TTO
11815,TTO
11816,TTO
11817,TTO
11818,TTO
11850,TUN
11851,TUN
11852,TUN
11853,TUN
11854,TUN
11855,TUN
11856,TUN
11857,TUN
11858,TUN
11859,TUN
11860,TUN
11861,TUN
11862,TUN
11863,TUN
11864,TUN
11865,TUN
11866,TUN
11867,TUN
11868,TUN
11900,TUR
11901,TUR
11902,TUR
11903,TUR
11904,TUR
11905,TUR
11906,TUR
11907,TUR
11908,TUR
11909,TUR
11910,TUR
11911,TUR
11912,TUR
11913,TUR
11914,TUR
11915,TUR
11916,TUR
11917,TUR
11918,TUR
11950,TUV
11951,TUV
11952,TUV
11953,TUV
11954,TUV
11955,TUV
11956,TUV
11957,TUV
11958,TUV
11959,TUV
11960,TUV
11961,TUV
11962,TUV
11963,TUV
11964,TUV
11965,TUV
11966,TUV
11967,TUV
11968,TUV
12000,TZA
12001,TZA
12002,TZA
12003,TZA
12004,TZA
12005,TZA
12006,TZA
12007,TZA
12008,TZA
12009,TZA
12010,TZA
12011,TZA
12012,TZA
12013,TZA
12014,TZA
12015,TZA
12016,TZA
12017,TZA
12018,TZA
12050,UGA
12051,UGA
12052,UGA
12053,UGA
12054,UGA
12055,UGA
12056,UGA
12057,UGA
12058,UGA
12059,UGA
12060,UGA
12061,UGA
12062,UGA
12063,UGA
12064,UGA
12065,UGA
12066,UGA
12067,UGA
12068,UGA
12100,UKR
12101,UKR
12102,UKR
12103,UKR
12104,UKR
12105,UKR
12106,UKR
12107,UKR
12108,UKR
12109,UKR
12110,UKR
12111,UKR
12112,UKR
12113,UKR
12114,UKR
12115,UKR
12116,UKR
12117,UKR
12118,UKR
12150,UMC
12151,UMC
12152,UMC
12153,UMC
12154,UMC
12155,UMC
12156,UMC
12157,UMC
12158,UMC
12159,UMC
12160,UMC
12161,UMC
12162,UMC
12163,UMC
12164,UMC
12165,UMC
12166,UMC
12167,UMC
12168,UMC
12200,URY
12201,URY
12202,URY
12203,URY
12204,URY
12205,URY
12206,URY
12207,URY
12208,URY
12209,URY
12210,URY
12211,URY
12212,URY
12213,URY
12214,URY
12215,URY
12216,URY
12217,URY
12218,URY
12250,USA
12251,USA
12252,USA
12253,USA
12254,USA
12255,USA
12256,USA
12257,USA
12258,USA
12259,USA
12260,USA
12261,USA
12262,USA
12263,USA
12264,USA
12265,USA
12266,USA
12267,USA
12268,USA
12300,UZB
12301,UZB
12302,UZB
12303,UZB
12304,UZB
12305,UZB
12306,UZB
12307,UZB
12308,UZB
12309,UZB
12310,UZB
12311,UZB
12312,UZB
12313,UZB
12314,UZB
12315,UZB
12316,UZB
12317,UZB
12318,UZB
12350,VCT
12351,VCT
12352,VCT
12353,VCT
12354,VCT
12355,VCT
12356,VCT
12357,VCT
12358,VCT
12359,VCT
12360,VCT
12361,VCT
12362,VCT
12363,VCT
12364,VCT
12365,VCT
12366,VCT
12367,VCT
12368,VCT
12400,VEN
12401,VEN
12402,VEN
12403,VEN
12404,VEN
12405,VEN
12406,VEN
12407,VEN
12408,VEN
12409,VEN
12410,VEN
12411,VEN
12412,VEN
12413,VEN
12414,VEN
12548,VNM
12549,VNM
12550,VNM
12551,VNM
12552,VNM
12553,VNM
12554,VNM
12555,VNM
12556,VNM
12557,VNM
12558,VNM
12559,VNM
12560,VNM
12561,VNM
12562,VNM
12563,VNM
12564,VNM
12565,VNM
12566,VNM
12598,VUT
12599,VUT
12600,VUT
12601,VUT
12602,VUT
12603,VUT
12604,VUT
12605,VUT
12606,VUT
12607,VUT
12608,VUT
12609,VUT
12610,VUT
12611,VUT
12612,VUT
12613,VUT
12614,VUT
12615,VUT
12616,VUT
12648,WLD
12649,WLD
12650,WLD
12651,WLD
12652,WLD
12653,WLD
12654,WLD
12655,WLD
12656,WLD
12657,WLD
12658,WLD
12659,WLD
12660,WLD
12661,WLD
12662,WLD
12663,WLD
12664,WLD
12665,WLD
12666,WLD
12698,WSM
12699,WSM
12700,WSM
12701,WSM
12702,WSM
12703,WSM
12704,WSM
12705,WSM
12706,WSM
12707,WSM
12708,WSM
12709,WSM
12710,WSM
12711,WSM
12712,WSM
12713,WSM
12714,WSM
12715,WSM
12716,WSM
12768,YEM
12769,YEM
12770,YEM
12771,YEM
12772,YEM
12773,YEM
12774,YEM
12775,YEM
12776,YEM
12777,YEM
12778,YEM
12779,YEM
12780,YEM
12781,YEM
12782,YEM
12783,YEM
12784,YEM
12785,YEM
12786,YEM
12818,ZAF
12819,ZAF
12820,ZAF
12821,ZAF
12822,ZAF
12823,ZAF
12824,ZAF
12825,ZAF
12826,ZAF
12827,ZAF
12828,ZAF
12829,ZAF
12830,ZAF
12831,ZAF
12832,ZAF
12833,ZAF
12834,ZAF
12835,ZAF
12836,ZAF
12868,ZMB
12869,ZMB
12870,ZMB
12871,ZMB
12872,ZMB
12873,ZMB
12874,ZMB
12875,ZMB
12876,ZMB
12877,ZMB
12878,ZMB
12879,ZMB
12880,ZMB
12881,ZMB
12882,ZMB
12883,ZMB
12884,ZMB
12885,ZMB
12886,ZMB
12918,ZWE
12919,ZWE
12920,ZWE
12921,ZWE
12922,ZWE
12923,ZWE
12924,ZWE
12925,ZWE
12926,ZWE
12927,ZWE
12928,ZWE
12929,ZWE
12930,ZWE
12931,ZWE
12932,ZWE
12933,ZWE
12934,ZWE
12935,ZWE
12936,ZWE
